{"is_source_file": true, "format": "Python", "description": "This file generates and saves the OpenAPI schema for the backend API by invoking the app's openapi method and writing the schema to a JSON file.", "external_files": ["src/api/main.py"], "external_methods": ["app.openapi()"], "published": [], "classes": [], "methods": [{"name": "app.openapi", "description": "Method called to retrieve the OpenAPI schema from the FastAPI app"}], "calls": ["app.openapi()", "json.dump()", "os.makedirs()", "os.path.join()", "open()"], "search-terms": ["generate_openapi", "OpenAPI schema", "FastAPI", "schema generation", "write JSON file"], "state": 2, "file_id": 3, "knowledge_revision": 9, "git_revision": "a46b104a182390674650867cd7a33a4816cfb41b", "ctags": [{"_type": "tag", "name": "openapi_schema", "path": "/home/kavia/workspace/code-generation/simple-notes-manager-298922-298931/backend_api/src/api/generate_openapi.py", "pattern": "/^openapi_schema = app.openapi()$/", "language": "Python", "kind": "variable"}, {"_type": "tag", "name": "output_dir", "path": "/home/kavia/workspace/code-generation/simple-notes-manager-298922-298931/backend_api/src/api/generate_openapi.py", "pattern": "/^output_dir = \"interfaces\"$/", "language": "Python", "kind": "variable"}, {"_type": "tag", "name": "output_path", "path": "/home/kavia/workspace/code-generation/simple-notes-manager-298922-298931/backend_api/src/api/generate_openapi.py", "pattern": "/^output_path = os.path.join(output_dir, \"openapi.json\")$/", "language": "Python", "kind": "variable"}], "hash": "61e3715e79bc397fab3e70f503a41417", "format-version": 4, "code-base-name": "backend_api", "filename": "backend_api/src/api/generate_openapi.py", "fields": [{"name": "openapi_schema = app.openapi()", "scope": "", "scopeKind": "", "description": "unavailable"}, {"name": "output_dir = \"interfaces\"", "scope": "", "scopeKind": "", "description": "unavailable"}, {"name": "output_path = os.path.join(output_dir, \"openapi.json\")", "scope": "", "scopeKind": "", "description": "unavailable"}], "revision_history": [{"9": "a46b104a182390674650867cd7a33a4816cfb41b"}]}