{"is_source_file": true, "format": "Python", "description": "This is a main application file for a backend API built with FastAPI. It initializes the FastAPI app, configures CORS middleware to allow cross-origin requests, and defines a simple health check endpoint at the root URL.", "external_files": ["fastapi", "fastapi.middleware.cors"], "external_methods": ["fastapi.FastAPI", "fastapi.middleware.cors.CORSMiddleware"], "published": ["app"], "classes": [], "methods": [{"name": "health_check()", "description": "A basic endpoint to check the health status of the application, returning a JSON message indicating 'Healthy'.", "scope": "", "scopeKind": ""}], "calls": ["app.add_middleware", "CORSMiddleware", "app.get"], "search-terms": ["FastAPI", "CORS", "health check", "main", "backend API"], "state": 2, "file_id": 2, "knowledge_revision": 8, "git_revision": "a46b104a182390674650867cd7a33a4816cfb41b", "ctags": [{"_type": "tag", "name": "app", "path": "/home/kavia/workspace/code-generation/simple-notes-manager-298922-298931/backend_api/src/api/main.py", "pattern": "/^app = FastAPI()$/", "language": "Python", "kind": "variable"}, {"_type": "tag", "name": "health_check", "path": "/home/kavia/workspace/code-generation/simple-notes-manager-298922-298931/backend_api/src/api/main.py", "pattern": "/^def health_check():$/", "language": "Python", "kind": "function", "signature": "()"}], "hash": "58352bf5f133908bab16643199aa483d", "format-version": 4, "code-base-name": "backend_api", "filename": "backend_api/src/api/main.py", "fields": [{"name": "app = FastAPI()", "scope": "", "scopeKind": "", "description": "unavailable"}], "revision_history": [{"8": "a46b104a182390674650867cd7a33a4816cfb41b"}]}