{"is_source_file": false, "format": "", "description": "", "external_files": [], "external_methods": [], "published": [], "classes": [], "methods": [], "calls": [], "search-terms": ["simple-notes-manager", "README.md", "298922", "298931"], "state": 2, "file_id": 1, "knowledge_revision": 7, "git_revision": "031b520d57c34106e2664caeb5418434bbc9bdc7", "hash": "0018c9898c4d501527cf673969db7f11", "format-version": 4, "code-base-name": "backend_api", "filename": "README.md", "revision_history": [{"7": "031b520d57c34106e2664caeb5418434bbc9bdc7"}]}